id,term,category,token_type,default_value,psl_video_id,video_status,dictionary_match,dictionary_url,dictionary_note
continue_statement,Continue Statement,Control Flow,CONTINUE,,,linked_from_dictionary,exact,https://psl.org.pk/dictionary/72-verbs/4932-continue,Direct verb match
type_casting,Type Casting,Variables & Data,TYPE_CAST,,,linked_from_dictionary,partial,https://psl.org.pk/dictionary/72-verbs/4934-convert,Verb convert -- verify covers type conversion specifically
index,Index,Data Structures,INDEX,,,linked_from_dictionary,exact,https://psl.org.pk/dictionary/57-nouns-general/3454-index,Direct noun match -- verify data-structure indexing sense vs book-index sense
function,Function,Functions & Structure,FUNCTION_DEF,,,linked_from_dictionary,exact,https://psl.org.pk/dictionary/57-nouns-general/3416-function,Direct noun match
return_statement,Return Statement,Functions & Structure,RETURN,,,linked_from_dictionary,exact,https://psl.org.pk/dictionary/72-verbs/5210-return,Direct verb match
default_parameter,Default Parameter,Functions & Structure,DEFAULT_PARAM,,,linked_from_dictionary,partial,https://psl.org.pk/dictionary/28-computer/6290-default,"Dictionary sign likely means default settings, not function default parameter specifically -- needs fluent-signer check"
import_statement,Import Statement,Functions & Structure,IMPORT,,,linked_from_dictionary,partial,https://psl.org.pk/dictionary/28-computer/6318-import,"Verify video shows code-import sense, not general data import"
object,Object,Object-Oriented Programming,OBJECT,,,linked_from_dictionary,exact,https://psl.org.pk/dictionary/57-nouns-general/3533-object,Direct noun match -- verify OOP sense vs generic physical object sense
constructor,Constructor,Object-Oriented Programming,CONSTRUCTOR,,,linked_from_dictionary,partial,https://psl.org.pk/dictionary/72-verbs/4930-construct,"Verb construct -- general building sense, verify OOP relevance"
compiler,Compiler,Syntax & Compilation,COMPILER,,,linked_from_dictionary,partial,https://psl.org.pk/dictionary/72-verbs/4913-compile,"Verb form compile -- verify sense matches software compilation, not general compiling/gathering"
print_statement,Print Statement,Input / Output & Files,PRINT,,,linked_from_dictionary,exact,https://psl.org.pk/dictionary/72-verbs/5170-print,Direct verb match
file,File,Input / Output & Files,FILE,,,linked_from_dictionary,partial,https://psl.org.pk/dictionary/28-computer/6278-computer-file,Labeled Computer file in dictionary -- confirm generic file sense
file_read,File Read,Input / Output & Files,FILE_READ,,,linked_from_dictionary,exact,https://psl.org.pk/dictionary/72-verbs/5180-read,Direct verb match for the read action
file_write,File Write,Input / Output & Files,FILE_WRITE,,,linked_from_dictionary,exact,https://psl.org.pk/dictionary/72-verbs/5324-write,Direct verb match for the write action
database,Database,Software Engineering Concepts,DATABASE,,,linked_from_dictionary,exact,https://psl.org.pk/dictionary/57-nouns-general/3305-database,Direct noun match (also appeared as concept in Computer category)
server,Server,Software Engineering Concepts,SERVER,,,linked_from_dictionary,exact,https://psl.org.pk/dictionary/28-computer/6566-server,"Same concept, low risk"
client,Client,Software Engineering Concepts,CLIENT,,,linked_from_dictionary,exact,https://psl.org.pk/dictionary/59-office/3741-client,Direct noun match
number,Number,Variables & Data,NUMBER,,,linked_from_dictionary,exact,https://psl.org.pk/dictionary/53-mathematics/2988-number,Confirmed
digit,Digit,Variables & Data,NUMBER,,,linked_from_dictionary,exact,https://psl.org.pk/dictionary/53-mathematics/2958-digit,Confirmed
decimal,Decimal,Variables & Data,FLOAT,,,linked_from_dictionary,exact,https://psl.org.pk/dictionary/53-mathematics/2955-decimal,Confirmed
addition,Addition,Operators & Expressions,OP_ADD,,,linked_from_dictionary,exact,https://psl.org.pk/dictionary/53-mathematics/2939-addition,Confirmed
subtraction,Subtraction,Operators & Expressions,OP_SUBTRACT,,,linked_from_dictionary,exact,https://psl.org.pk/dictionary/53-mathematics/3014-subtraction,Confirmed
multiplication,Multiplication,Operators & Expressions,OP_MULTIPLY,,,linked_from_dictionary,exact,https://psl.org.pk/dictionary/53-mathematics/2985-multiplication,Confirmed
division,Division,Operators & Expressions,OP_DIVIDE,,,linked_from_dictionary,exact,https://psl.org.pk/dictionary/53-mathematics/2959-division,Confirmed
less_than,Less Than,Operators & Expressions,OP_LESS_THAN,,,linked_from_dictionary,exact,https://psl.org.pk/dictionary/53-mathematics/2976-less-than,Confirmed
greater_than,Greater Than,Operators & Expressions,OP_GREATER_THAN,,,linked_from_dictionary,exact,https://psl.org.pk/dictionary/53-mathematics/2969-greater-than,Confirmed
equivalent,Equivalent,Operators & Expressions,OP_EQUAL,,,linked_from_dictionary,partial,https://psl.org.pk/dictionary/53-mathematics/7393-equivalent,Verify covers == sense specifically
curly_bracket,Curly Bracket,Syntax & Compilation,BRACE,,,linked_from_dictionary,exact,https://psl.org.pk/dictionary/53-mathematics/7343-curly-bracket,Confirmed
square_brackets,Square Brackets,Syntax & Compilation,BRACKET,,,linked_from_dictionary,exact,https://psl.org.pk/dictionary/53-mathematics/7738-square-brackets,Confirmed
finite_set,Set,Data Structures,SET,,,linked_from_dictionary,partial,https://psl.org.pk/dictionary/53-mathematics/7421-finite-set,"Verify general set sense, not just math finite-set"
comma,Comma,Syntax & Compilation,COMMA,,,linked_from_dictionary,exact,https://psl.org.pk/dictionary/41-grammar/2223-comma,Confirmed
full_stop,Full Stop / Period,Syntax & Compilation,PERIOD,,,linked_from_dictionary,exact,https://psl.org.pk/dictionary/41-grammar/2231-full-stop,Confirmed
number_one,One,Variables & Data,NUMBER_LITERAL,1,,linked_from_dictionary,exact,https://psl.org.pk/dictionary/58-numbers/6006-one,"Confirmed individual digit sign, carries a real literal value"
number_two,Two,Variables & Data,NUMBER_LITERAL,2,,linked_from_dictionary,exact,https://psl.org.pk/dictionary/58-numbers/7775-two,"Confirmed individual digit sign, carries a real literal value"
number_three,Three,Variables & Data,NUMBER_LITERAL,3,,linked_from_dictionary,exact,https://psl.org.pk/dictionary/58-numbers/7761-three,"Confirmed individual digit sign, carries a real literal value"
number_five,Five,Variables & Data,NUMBER_LITERAL,5,,linked_from_dictionary,exact,https://psl.org.pk/dictionary/58-numbers/7426-five,"Confirmed individual digit sign, carries a real literal value"
number_seven,Seven,Variables & Data,NUMBER_LITERAL,7,,linked_from_dictionary,exact,https://psl.org.pk/dictionary/58-numbers/7708-seven,"Confirmed individual digit sign, carries a real literal value"
number_eight,Eight,Variables & Data,NUMBER_LITERAL,8,,linked_from_dictionary,exact,https://psl.org.pk/dictionary/58-numbers/7378-eight,"Confirmed individual digit sign, carries a real literal value"
number_nine,Nine,Variables & Data,NUMBER_LITERAL,9,,linked_from_dictionary,exact,https://psl.org.pk/dictionary/58-numbers/7598-nine,"Confirmed individual digit sign, carries a real literal value"
number_ten,Ten,Variables & Data,NUMBER_LITERAL,10,,linked_from_dictionary,exact,https://psl.org.pk/dictionary/58-numbers/3702-10,"Confirmed individual digit sign, carries a real literal value"
number_twenty,Twenty,Variables & Data,NUMBER_LITERAL,20,,linked_from_dictionary,exact,https://psl.org.pk/dictionary/58-numbers/3703-20,"Confirmed individual digit sign, carries a real literal value"
number_hundred,One Hundred,Variables & Data,NUMBER_LITERAL,100,,linked_from_dictionary,exact,https://psl.org.pk/dictionary/58-numbers/3711-100,"Confirmed individual digit sign, carries a real literal value"
